model,N,k,p,p_over_pc,p_eff,Phi,Psi,Nk_tot,chi,replicate
ER,500,4,0.03494321858945196,0.4,0.03479759519038076,0.008,0.2,5,1.0,0
ER,500,4,0.03854031462071907,0.44117647058823534,0.038420841683366735,0.01,0.35714285714285715,14,1.2222222222222223,0
ER,500,4,0.04213741065198619,0.48235294117647065,0.0411062124248497,0.008,0.25,4,1.0,0
ER,500,4,0.045734506683253295,0.5235294117647059,0.046565130260521045,0.01,0.11764705882352941,17,1.1333333333333333,0
ER,500,4,0.04933160271452041,0.5647058823529412,0.04824048096192385,0.012,0.08108108108108109,37,1.2352941176470589,0
ER,500,4,0.052928698745787525,0.6058823529411765,0.051799599198396794,0.01,0.05405405405405406,37,1.0571428571428572,0
ER,500,4,0.05652579477705464,0.6470588235294118,0.05615230460921844,0.014,0.06451612903225806,62,1.2413793103448276,0
ER,500,4,0.060122890808321755,0.6882352941176471,0.060080160320641285,0.016,0.048,125,1.5210084033613445,0
ER,500,4,0.06371998683958886,0.7294117647058823,0.06484969939879759,0.02,0.034482758620689655,203,1.7040816326530612,0
ER,500,4,0.06731708287085597,0.7705882352941176,0.06698997995991984,0.028,0.06060606060606061,264,1.814516129032258,0
ER,500,4,0.07091417890212309,0.8117647058823529,0.07134268537074148,0.024,0.038348082595870206,339,1.9141104294478528,0
ER,500,4,0.07451127493339021,0.8529411764705883,0.07447695390781563,0.036,0.044009779951100246,409,2.4475703324808182,0
ER,500,4,0.07810837096465732,0.8941176470588236,0.07764328657314629,0.036,0.03415559772296015,527,2.799607072691552,0
ER,500,4,0.08170546699592443,0.9352941176470588,0.08278957915831664,0.042,0.024096385542168676,830,3.708641975308642,0
ER,500,4,0.08530256302719155,0.9764705882352942,0.08613226452905812,0.082,0.038461538461538464,1040,4.906,0
ER,500,4,0.08889965905845866,1.0176470588235293,0.09006012024048096,0.106,0.04964539007092199,1269,7.077943615257048,0
ER,500,4,0.09249675508972577,1.0588235294117647,0.09355511022044088,0.322,0.11092896174863388,1830,21.419176398279042,0
ER,500,4,0.09609385112099289,1.1,0.09741082164328657,0.582,0.2652152399802078,2021,7.412121212121212,0
ER,500,4,0.09969094715226,1.1411764705882352,0.0994308617234469,0.516,0.17140432753500212,2357,24.169482846902202,0
ER,500,4,0.10328804318352712,1.1823529411764706,0.10262925851703407,0.92,0.5147867950481431,2908,8.199149539333806,0
ER,500,4,0.10688513921479423,1.223529411764706,0.10739879759519039,0.988,0.6354251562075522,3681,4.418777943368108,0
ER,500,4,0.11048223524606135,1.2647058823529413,0.1112625250501002,1.0,0.7828293078952709,4927,4.9009345794392525,0
ER,500,4,0.11407933127732846,1.3058823529411765,0.11423647294589179,1.0,0.8634271099744245,5865,2.5006242197253434,0
ER,500,4,0.11767642730859557,1.3470588235294119,0.11677755511022044,1.0,0.8686667687126894,6533,3.230769230769231,0
ER,500,4,0.12127352333986269,1.3882352941176472,0.12166733466933868,1.0,0.9285032227261877,8378,2.4757929883138563,0
ER,500,4,0.1248706193711298,1.4294117647058824,0.12452905811623247,1.0,0.9456709956709957,9240,1.956175298804781,0
ER,500,4,0.12846771540239693,1.470588235294118,0.1284569138276553,1.0,0.9623287671232876,11096,1.6220095693779903,0
ER,500,4,0.13206481143366403,1.5117647058823531,0.13216032064128255,1.0,0.9754165732645894,13383,1.534954407294833,0
ER,500,4,0.13566190746493112,1.552941176470588,0.13613627254509017,1.0,0.9853528628495339,16522,1.512396694214876,0
ER,500,4,0.13925900349619824,1.5941176470588234,0.13927855711422846,1.0,0.9898811685952986,19271,1.2974358974358975,0
ER,500,4,0.14285609952746536,1.635294117647059,0.14257314629258516,1.0,0.9913561003259175,21171,1.3060109289617485,0
ER,500,4,0.14645319555873249,1.6764705882352944,0.14612424849699399,1.0,0.9955210273891157,25229,1.2831858407079646,0
ER,500,4,0.1500502915899996,1.7176470588235297,0.15047695390781562,1.0,0.997110023119815,29412,1.2117647058823529,0
ER,500,4,0.1536473876212667,1.7588235294117647,0.1541563126252505,1.0,0.9983760584618954,34484,1.0357142857142858,0
ER,500,4,0.15724448365253382,1.8000000000000003,0.15637675350701402,1.0,0.9982655769584526,38053,1.3636363636363635,0
ER,500,4,0.03494321858945196,0.4,0.03449298597194389,0.008,0.2,5,1.0,1
ER,500,4,0.03854031462071907,0.44117647058823534,0.03904609218436874,0.01,0.2222222222222222,9,1.0,1
ER,500,4,0.04213741065198619,0.48235294117647065,0.04206813627254509,0.01,0.2,10,1.0,1
ER,500,4,0.045734506683253295,0.5235294117647059,0.045715430861723444,0.008,0.05,20,1.0,1
ER,500,4,0.04933160271452041,0.5647058823529412,0.04892184368737475,0.01,0.05,40,1.4210526315789473,1
ER,500,4,0.052928698745787525,0.6058823529411765,0.05301002004008016,0.014,0.06666666666666667,60,1.3214285714285714,1
ER,500,4,0.05652579477705464,0.6470588235294118,0.05666533066132264,0.014,0.04819277108433735,83,1.2784810126582278,1
ER,500,4,0.060122890808321755,0.6882352941176471,0.06033667334669339,0.01,0.044642857142857144,112,1.411214953271028,1
ER,500,4,0.06371998683958886,0.7294117647058823,0.06546693386773547,0.02,0.03398058252427184,206,1.5628140703517588,1
ER,500,4,0.06731708287085597,0.7705882352941176,0.06777555110220441,0.026,0.0398406374501992,251,1.7136929460580912,1
ER,500,4,0.07091417890212309,0.8117647058823529,0.07139078156312625,0.032,0.043010752688172046,372,2.595505617977528,1
ER,500,4,0.07451127493339021,0.8529411764705883,0.07393987975951904,0.028,0.030434782608695653,460,2.5201793721973096,1
ER,500,4,0.07810837096465732,0.8941176470588236,0.07824448897795591,0.026,0.018032786885245903,610,2.5258764607679467,1
ER,500,4,0.08170546699592443,0.9352941176470588,0.08092184368737475,0.054,0.044270833333333336,768,3.482288828337875,1
ER,500,4,0.08530256302719155,0.9764705882352942,0.08559519038076152,0.1,0.056657223796033995,1059,5.5125125125125125,1
ER,500,4,0.08889965905845866,1.0176470588235293,0.08841683366733467,0.07,0.02877070619006103,1147,4.9676840215439855,1
ER,500,4,0.09249675508972577,1.0588235294117647,0.09129458917835671,0.084,0.029970760233918127,1368,5.694800301431801,1
ER,500,4,0.09609385112099289,1.1,0.09689779559118236,0.39,0.14754098360655737,2074,19.921945701357465,1
ER,500,4,0.09969094715226,1.1411764705882352,0.09990380761523046,0.844,0.39893818733409175,2637,9.856782334384858,1
ER,500,4,0.10328804318352712,1.1823529411764706,0.103374749498998,0.956,0.5481410867492851,3147,10.178621659634318,1
ER,500,4,0.10688513921479423,1.223529411764706,0.10625250501002004,0.98,0.6545754328112119,3639,4.583134447096261,1
ER,500,4,0.11048223524606135,1.2647058823529413,0.10929859719438878,0.994,0.7287037037037037,4320,4.902730375426621,1
ER,500,4,0.11407933127732846,1.3058823529411765,0.1138436873747495,1.0,0.8605827953236782,5731,2.34918648310388,1
ER,500,4,0.11767642730859557,1.3470588235294119,0.11768336673346694,1.0,0.8792551643875473,6874,4.7301204819277105,1
ER,500,4,0.12127352333986269,1.3882352941176472,0.11987975951903808,1.0,0.9174832387828777,7756,2.465625,1
ER,500,4,0.1248706193711298,1.4294117647058824,0.12553907815631263,1.0,0.9530315117670523,10028,1.6666666666666667,1
ER,500,4,0.12846771540239693,1.470588235294118,0.12795991983967936,1.0,0.9664944013781223,11610,1.6272493573264781,1
ER,500,4,0.13206481143366403,1.5117647058823531,0.13239278557114229,1.0,0.9745405134806551,13983,1.646067415730337,1
ER,500,4,0.13566190746493112,1.552941176470588,0.13575951903807615,1.0,0.9857312018946122,16890,1.4564315352697095,1
ER,500,4,0.13925900349619824,1.5941176470588234,0.1391503006012024,1.0,0.9902543507362784,18675,1.2967032967032968,1
ER,500,4,0.14285609952746536,1.635294117647059,0.1417314629258517,1.0,0.9905027099597236,20111,1.356020942408377,1
ER,500,4,0.14645319555873249,1.6764705882352944,0.14557114228456913,1.0,0.9954658534628039,24922,1.1592920353982301,1
ER,500,4,0.1500502915899996,1.7176470588235297,0.15060521042084168,1.0,0.9969566655640093,30230,1.2826086956521738,1
ER,500,4,0.1536473876212667,1.7588235294117647,0.15419639278557115,1.0,0.9982672031484038,34049,1.1694915254237288,1
ER,500,4,0.15724448365253382,1.8000000000000003,0.1577314629258517,1.0,0.9987749164135677,39181,1.0416666666666667,1
ER,500,4,0.03494321858945196,0.4,0.03450100200400802,0.008,0.3333333333333333,3,1.0,2
ER,500,4,0.03854031462071907,0.44117647058823534,0.03912625250501002,0.008,0.1,10,1.0,2
ER,500,4,0.04213741065198619,0.48235294117647065,0.04210821643286573,0.008,0.1111111111111111,9,1.0,2
ER,500,4,0.045734506683253295,0.5235294117647059,0.04556312625250501,0.008,0.0625,16,1.0,2
ER,500,4,0.04933160271452041,0.5647058823529412,0.04970741482965932,0.01,0.08333333333333333,24,1.0909090909090908,2
ER,500,4,0.052928698745787525,0.6058823529411765,0.052977955911823645,0.012,0.05,60,1.4912280701754386,2
ER,500,4,0.05652579477705464,0.6470588235294118,0.056040080160320645,0.01,0.025974025974025976,77,1.1333333333333333,2
ER,500,4,0.060122890808321755,0.6882352941176471,0.05884569138276553,0.014,0.03225806451612903,124,1.4333333333333333,2
ER,500,4,0.06371998683958886,0.7294117647058823,0.06310220440881764,0.018,0.04195804195804196,143,1.467153284671533,2
ER,500,4,0.06731708287085597,0.7705882352941176,0.0674308617234469,0.022,0.03829787234042553,235,1.654867256637168,2
ER,500,4,0.07091417890212309,0.8117647058823529,0.07142284569138277,0.02,0.021212121212121213,330,2.195046439628483,2
ER,500,4,0.07451127493339021,0.8529411764705883,0.07376352705410821,0.022,0.031746031746031744,441,2.8548009367681497,2
ER,500,4,0.07810837096465732,0.8941176470588236,0.07890180360721442,0.03,0.022033898305084745,590,2.729636048526863,2
ER,500,4,0.08170546699592443,0.9352941176470588,0.08085771543086172,0.042,0.02956989247311828,744,3.7673130193905817,2
ER,500,4,0.08530256302719155,0.9764705882352942,0.08634869739478958,0.062,0.030680728667305847,1043,5.6745796241345206,2
ER,500,4,0.08889965905845866,1.0176470588235293,0.08806412825651302,0.056,0.024074074074074074,1080,4.277039848197344,2
ER,500,4,0.09249675508972577,1.0588235294117647,0.09188777555110221,0.172,0.07246376811594203,1518,8.291193181818182,2
ER,500,4,0.09609385112099289,1.1,0.09551903807615231,0.35,0.121256038647343,2070,18.853765805387575,2
ER,500,4,0.09969094715226,1.1411764705882352,0.10038476953907816,0.794,0.3413885692366705,2607,12.878858474082703,2
ER,500,4,0.10328804318352712,1.1823529411764706,0.10319839679358718,0.932,0.521395655036208,3038,6.277854195323246,2
ER,500,4,0.10688513921479423,1.223529411764706,0.10703807615230461,0.988,0.6793956043956044,3640,4.607540702656384,2
ER,500,4,0.11048223524606135,1.2647058823529413,0.11039679358717434,0.996,0.7748800333820154,4793,4.041705282669138,2
ER,500,4,0.11407933127732846,1.3058823529411765,0.11422044088176353,1.0,0.8425569176882662,5710,2.7552836484983314,2
ER,500,4,0.11767642730859557,1.3470588235294119,0.11667334669338678,1.0,0.8641065830721003,6380,3.050749711649366,2
ER,500,4,0.12127352333986269,1.3882352941176472,0.11984769539078156,1.0,0.921448610048457,7842,2.3279220779220777,2
ER,500,4,0.1248706193711298,1.4294117647058824,0.12452905811623247,1.0,0.9402726682536248,9242,1.9528985507246377,2
ER,500,4,0.12846771540239693,1.470588235294118,0.1274869739478958,1.0,0.9628038749771523,10942,1.8697788697788698,2
ER,500,4,0.13206481143366403,1.5117647058823531,0.13201603206412826,1.0,0.978303178836589,13873,1.6378737541528239,2
ER,500,4,0.13566190746493112,1.552941176470588,0.13597595190380762,1.0,0.986995410144757,16994,1.4705882352941178,2
ER,500,4,0.13925900349619824,1.5941176470588234,0.14111422845691382,1.0,0.9921451919793141,20497,1.2236024844720497,2
ER,500,4,0.14285609952746536,1.635294117647059,0.14361523046092184,1.0,0.9938202996487796,22493,1.2446043165467626,2
ER,500,4,0.14645319555873249,1.6764705882352944,0.14733466933867737,1.0,0.9954761719054676,25642,1.3275862068965518,2
ER,500,4,0.1500502915899996,1.7176470588235297,0.1504689378757515,1.0,0.9978528533565941,29807,1.25,2
ER,500,4,0.1536473876212667,1.7588235294117647,0.15405210420841683,1.0,0.9980023161551824,34540,1.2318840579710144,2
ER,500,4,0.15724448365253382,1.8000000000000003,0.15785971943887775,1.0,0.9987330451632136,40254,1.1176470588235294,2
ER,500,4,0.03494321858945196,0.4,0.03518236472945892,0.008,0.16666666666666666,6,1.0,3
ER,500,4,0.03854031462071907,0.44117647058823534,0.039014028056112225,0.01,0.14285714285714285,14,1.0,3
ER,500,4,0.04213741065198619,0.48235294117647065,0.041899799599198394,0.008,0.07692307692307693,13,1.0,3
ER,500,4,0.045734506683253295,0.5235294117647059,0.046076152304609215,0.01,0.08695652173913043,23,1.1904761904761905,3
ER,500,4,0.04933160271452041,0.5647058823529412,0.04890581162324649,0.014,0.11428571428571428,35,1.064516129032258,3
ER,500,4,0.052928698745787525,0.6058823529411765,0.05280160320641283,0.012,0.05084745762711865,59,1.5714285714285714,3
ER,500,4,0.05652579477705464,0.6470588235294118,0.05660921843687375,0.014,0.05952380952380952,84,1.3291139240506329,3
ER,500,4,0.060122890808321755,0.6882352941176471,0.06013627254509018,0.016,0.046296296296296294,108,1.7572815533980584,3
ER,500,4,0.06371998683958886,0.7294117647058823,0.06458517034068137,0.018,0.04639175257731959,194,1.6054054054054054,3
ER,500,4,0.06731708287085597,0.7705882352941176,0.0669498997995992,0.014,0.03286384976525822,213,1.6116504854368932,3
ER,500,4,0.07091417890212309,0.8117647058823529,0.07054108216432865,0.02,0.022151898734177215,316,1.970873786407767,3
ER,500,4,0.07451127493339021,0.8529411764705883,0.07329058116232465,0.048,0.05263157894736842,418,2.0555555555555554,3
ER,500,4,0.07810837096465732,0.8941176470588236,0.07750701402805611,0.038,0.030534351145038167,524,2.6181102362204722,3
ER,500,4,0.08170546699592443,0.9352941176470588,0.08208416833667334,0.046,0.02702702702702703,777,3.7698412698412698,3
ER,500,4,0.08530256302719155,0.9764705882352942,0.08432865731462925,0.102,0.0553877139979859,993,5.371002132196162,3
ER,500,4,0.08889965905845866,1.0176470588235293,0.08915430861723447,0.094,0.0401854714064915,1294,6.782608695652174,3
ER,500,4,0.09249675508972577,1.0588235294117647,0.09123847695390781,0.142,0.05225342913128674,1531,7.270158511371468,3
ER,500,4,0.09609385112099289,1.1,0.09571943887775551,0.214,0.05654205607476635,2140,16.908865775136206,3
ER,500,4,0.09969094715226,1.1411764705882352,0.09967935871743487,0.844,0.4142634450506625,2566,11.184963406520293,3
ER,500,4,0.10328804318352712,1.1823529411764706,0.10182765531062124,0.786,0.31860632183908044,2784,24.7248286768582,3
ER,500,4,0.10688513921479423,1.223529411764706,0.10620440881763527,0.992,0.6693877551020408,3675,5.090534979423868,3
ER,500,4,0.11048223524606135,1.2647058823529413,0.11183166332665331,1.0,0.8049909438518816,4969,3.7203302373581013,3
ER,500,4,0.11407933127732846,1.3058823529411765,0.11373947895791583,1.0,0.8113066267315612,5342,3.1488095238095237,3
ER,500,4,0.11767642730859557,1.3470588235294119,0.11857314629258517,1.0,0.8946828768126557,6827,2.432545201668985,3
ER,500,4,0.12127352333986269,1.3882352941176472,0.12218036072144288,1.0,0.9203003875968992,8256,2.452887537993921,3
ER,500,4,0.1248706193711298,1.4294117647058824,0.12596392785571142,1.0,0.9545987111892209,10242,1.7483870967741935,3
ER,500,4,0.12846771540239693,1.470588235294118,0.12753507014028057,1.0,0.9598051157125457,10673,1.5128205128205128,3
ER,500,4,0.13206481143366403,1.5117647058823531,0.13172745490981963,1.0,0.9732567802372138,13237,1.5932203389830508,3
ER,500,4,0.13566190746493112,1.552941176470588,0.13561523046092183,1.0,0.9845962732919255,16100,1.3548387096774193,3
ER,500,4,0.13925900349619824,1.5941176470588234,0.1384128256513026,1.0,0.9876928217408253,17957,1.3619909502262444,3
ER,500,4,0.14285609952746536,1.635294117647059,0.14166733466933867,1.0,0.9901774860199368,20565,1.4059405940594059,3
ER,500,4,0.14645319555873249,1.6764705882352944,0.14730260521042085,1.0,0.9961563344369601,26277,1.1584158415841583,3
ER,500,4,0.1500502915899996,1.7176470588235297,0.14994789579158316,1.0,0.9972993957397968,29623,1.15,3
ER,500,4,0.1536473876212667,1.7588235294117647,0.15470140280561123,1.0,0.9986085988590511,35935,1.0,3
ER,500,4,0.15724448365253382,1.8000000000000003,0.15850901803607215,1.0,0.9988349322029697,40341,1.0425531914893618,3
ER,500,4,0.03494321858945196,0.4,0.034549098196392784,0.008,0.3333333333333333,3,1.0,4
ER,500,4,0.03854031462071907,0.44117647058823534,0.03919038076152304,0.008,0.1,10,1.0,4
ER,500,4,0.04213741065198619,0.48235294117647065,0.04174749498997996,0.01,0.15384615384615385,13,1.0,4
ER,500,4,0.045734506683253295,0.5235294117647059,0.04550701402805611,0.008,0.05555555555555555,18,1.0,4
ER,500,4,0.04933160271452041,0.5647058823529412,0.04906613226452906,0.01,0.06666666666666667,30,1.0714285714285714,4
ER,500,4,0.052928698745787525,0.6058823529411765,0.053034068136272546,0.01,0.03508771929824561,57,1.1090909090909091,4
ER,500,4,0.05652579477705464,0.6470588235294118,0.05706613226452906,0.014,0.056338028169014086,71,1.0895522388059702,4
ER,500,4,0.060122890808321755,0.6882352941176471,0.05954308617234469,0.012,0.02702702702702703,111,1.2222222222222223,4
ER,500,4,0.06371998683958886,0.7294117647058823,0.06472945891783567,0.016,0.02702702702702703,185,1.5888888888888888,4
ER,500,4,0.06731708287085597,0.7705882352941176,0.06670941883767535,0.012,0.023715415019762844,253,1.9149797570850202,4
ER,500,4,0.07091417890212309,0.8117647058823529,0.07106212424849699,0.02,0.0243161094224924,329,2.0778816199376946,4
ER,500,4,0.07451127493339021,0.8529411764705883,0.07485370741482966,0.024,0.019189765458422176,469,2.6826086956521737,4
ER,500,4,0.07810837096465732,0.8941176470588236,0.07840480961923847,0.04,0.03949730700179533,557,3.052336448598131,4
ER,500,4,0.08170546699592443,0.9352941176470588,0.08189178356713427,0.052,0.03116883116883117,770,3.7560321715817695,4
ER,500,4,0.08530256302719155,0.9764705882352942,0.08793587174348698,0.192,0.09902597402597403,1232,10.118918918918919,4
ER,500,4,0.08889965905845866,1.0176470588235293,0.08877755511022044,0.11,0.04804804804804805,1332,8.160883280757098,4
ER,500,4,0.09249675508972577,1.0588235294117647,0.09268937875751503,0.312,0.12619617224880383,1672,9.821355236139631,4
ER,500,4,0.09609385112099289,1.1,0.0966813627254509,0.356,0.11792677127912506,2103,27.921832884097036,4
ER,500,4,0.09969094715226,1.1411764705882352,0.09885370741482966,0.544,0.17489539748953975,2390,14.617647058823529,4
ER,500,4,0.10328804318352712,1.1823529411764706,0.1034308617234469,0.964,0.5804084237396299,3134,4.744486692015209,4
ER,500,4,0.10688513921479423,1.223529411764706,0.10656513026052104,0.984,0.6438105208060717,3821,6.091844232182219,4
ER,500,4,0.11048223524606135,1.2647058823529413,0.11107014028056113,0.994,0.7771500313873195,4779,3.460093896713615,4
ER,500,4,0.11407933127732846,1.3058823529411765,0.11462925851703407,1.0,0.8547553411440386,5804,3.8873072360616843,4
ER,500,4,0.11767642730859557,1.3470588235294119,0.11583967935871743,0.998,0.8702165771047061,6141,2.653701380175659,4
ER,500,4,0.12127352333986269,1.3882352941176472,0.11955911823647294,1.0,0.901437093275488,7376,2.237964236588721,4
ER,500,4,0.1248706193711298,1.4294117647058824,0.12484168336673347,1.0,0.9468175089871008,9458,2.0019880715705765,4
ER,500,4,0.12846771540239693,1.470588235294118,0.12824849699398796,1.0,0.962946267580238,11092,2.1581508515815084,4
ER,500,4,0.13206481143366403,1.5117647058823531,0.13210420841683368,1.0,0.975268349289237,13788,1.5865102639296187,4
ER,500,4,0.13566190746493112,1.552941176470588,0.13692985971943888,1.0,0.9850896994178449,16834,1.3984063745019921,4
ER,500,4,0.13925900349619824,1.5941176470588234,0.14137875751503007,1.0,0.9934469200524246,21364,1.3,4
ER,500,4,0.14285609952746536,1.635294117647059,0.14225250501002004,1.0,0.9922120572366878,21315,1.3734939759036144,4
ER,500,4,0.14645319555873249,1.6764705882352944,0.1478877755511022,1.0,0.9947857628655634,26466,1.3333333333333333,4
ER,500,4,0.1500502915899996,1.7176470588235297,0.15191182364729458,1.0,0.9982361093612196,31748,1.0714285714285714,4
ER,500,4,0.1536473876212667,1.7588235294117647,0.1548697394789579,1.0,0.9981840024585813,35793,1.1846153846153846,4
ER,500,4,0.15724448365253382,1.8000000000000003,0.1581803607214429,1.0,0.9989344831004063,40356,1.0930232558139534,4
ER,500,4,0.03494321858945196,0.4,0.03438877755511022,0.008,0.1111111111111111,9,1.0,5
ER,500,4,0.03854031462071907,0.44117647058823534,0.03818837675350702,0.008,0.125,8,1.0,5
ER,500,4,0.04213741065198619,0.48235294117647065,0.042036072144288575,0.008,0.07692307692307693,13,1.0,5
ER,500,4,0.045734506683253295,0.5235294117647059,0.045490981963927854,0.01,0.07692307692307693,26,1.1666666666666667,5
ER,500,4,0.04933160271452041,0.5647058823529412,0.048937875751503004,0.012,0.06818181818181818,44,1.3414634146341464,5
ER,500,4,0.052928698745787525,0.6058823529411765,0.052585170340681366,0.01,0.04,50,1.125,5
ER,500,4,0.05652579477705464,0.6470588235294118,0.0552625250501002,0.014,0.04819277108433735,83,1.2531645569620253,5
ER,500,4,0.060122890808321755,0.6882352941176471,0.060601202404809616,0.014,0.03278688524590164,122,1.694915254237288,5
ER,500,4,0.06371998683958886,0.7294117647058823,0.06379158316633267,0.014,0.030120481927710843,166,1.3726708074534162,5
ER,500,4,0.06731708287085597,0.7705882352941176,0.06705410821643286,0.016,0.02510460251046025,239,1.7296137339055795,5
ER,500,4,0.07091417890212309,0.8117647058823529,0.07106212424849699,0.014,0.02046783625730994,342,1.853731343283582,5
ER,500,4,0.07451127493339021,0.8529411764705883,0.07446092184368737,0.026,0.023529411764705882,425,2.2240963855421687,5
ER,500,4,0.07810837096465732,0.8941176470588236,0.07711422845691383,0.038,0.03977272727272727,528,2.8303747534516766,5
ER,500,4,0.08170546699592443,0.9352941176470588,0.08024849699398798,0.032,0.018651362984218076,697,2.8830409356725144,5
ER,500,4,0.08530256302719155,0.9764705882352942,0.08523446893787576,0.056,0.03232323232323232,990,5.461377870563674,5
ER,500,4,0.08889965905845866,1.0176470588235293,0.08814428857715431,0.092,0.037238169123351435,1289,6.867848509266721,5
ER,500,4,0.09249675508972577,1.0588235294117647,0.09323446893787575,0.092,0.035542168674698796,1660,8.81261711430356,5
ER,500,4,0.09609385112099289,1.1,0.09550300601202405,0.328,0.1083864639529181,2039,24.983498349834985,5
ER,500,4,0.09969094715226,1.1411764705882352,0.09925450901803608,0.352,0.10105263157894737,2375,30.604683840749413,5
ER,500,4,0.10328804318352712,1.1823529411764706,0.10200400801603206,0.916,0.4724647414372062,2978,13.42647994907702,5
ER,500,4,0.10688513921479423,1.223529411764706,0.10634869739478958,0.986,0.712431871269141,3853,3.8411552346570397,5
ER,500,4,0.11048223524606135,1.2647058823529413,0.10989178356713426,0.996,0.7635923398635263,4543,3.6629422718808193,5
ER,500,4,0.11407933127732846,1.3058823529411765,0.11426052104208417,1.0,0.8446808510638298,5640,2.9315068493150687,5
ER,500,4,0.11767642730859557,1.3470588235294119,0.11846893787575151,1.0,0.9037217991090674,6959,2.307462686567164,5
ER,500,4,0.12127352333986269,1.3882352941176472,0.12145891783567134,1.0,0.9301850516702715,8322,2.1290877796901895,5
ER,500,4,0.1248706193711298,1.4294117647058824,0.12429659318637275,1.0,0.9549184585021294,9627,1.7788018433179724,5
ER,500,4,0.12846771540239693,1.470588235294118,0.12670941883767536,1.0,0.960500695410292,10785,1.7511737089201878,5
ER,500,4,0.13206481143366403,1.5117647058823531,0.13269739478957915,1.0,0.9747850588830287,13841,1.6819484240687679,5
ER,500,4,0.13566190746493112,1.552941176470588,0.1357995991983968,1.0,0.9844875346260388,16245,1.5714285714285714,5
ER,500,4,0.13925900349619824,1.5941176470588234,0.13834869739478958,1.0,0.9885223980387787,17948,1.4951456310679612,5
ER,500,4,0.14285609952746536,1.635294117647059,0.14395190380761522,1.0,0.9942061034940292,22610,1.1068702290076335,5
ER,500,4,0.14645319555873249,1.6764705882352944,0.14635671342685372,1.0,0.9948471717999766,25617,1.1666666666666667,5
ER,500,4,0.1500502915899996,1.7176470588235297,0.1496192384769539,1.0,0.9965359179817348,28579,1.1616161616161615,5
ER,500,4,0.1536473876212667,1.7588235294117647,0.15149498997995992,1.0,0.9975522561113079,31049,1.236842105263158,5
ER,500,4,0.15724448365253382,1.8000000000000003,0.15726653306613225,1.0,0.9990095741168703,39377,1.0512820512820513,5
ER,500,4,0.03494321858945196,0.4,0.035134268537074145,0.01,0.2857142857142857,7,1.0,6
ER,500,4,0.03854031462071907,0.44117647058823534,0.0392625250501002,0.008,0.25,4,1.0,6
ER,500,4,0.04213741065198619,0.48235294117647065,0.04234869739478958,0.01,0.1111111111111111,18,1.125,6
ER,500,4,0.045734506683253295,0.5235294117647059,0.04529058116232465,0.012,0.125,24,1.1904761904761905,6
ER,500,4,0.04933160271452041,0.5647058823529412,0.049531062124248494,0.012,0.06521739130434782,46,1.1395348837209303,6
ER,500,4,0.052928698745787525,0.6058823529411765,0.052529058116232465,0.01,0.05128205128205128,39,1.2702702702702702,6
ER,500,4,0.05652579477705464,0.6470588235294118,0.05629659318637274,0.014,0.05063291139240506,79,1.4266666666666667,6
ER,500,4,0.060122890808321755,0.6882352941176471,0.060304609218436875,0.012,0.025210084033613446,119,1.2586206896551724,6
ER,500,4,0.06371998683958886,0.7294117647058823,0.06382364729458918,0.018,0.0297029702970297,202,1.8265306122448979,6
ER,500,4,0.06731708287085597,0.7705882352941176,0.06779959919839679,0.02,0.03558718861209965,281,2.158671586715867,6
ER,500,4,0.07091417890212309,0.8117647058823529,0.0703567134268537,0.038,0.05362776025236593,317,1.8333333333333333,6
ER,500,4,0.07451127493339021,0.8529411764705883,0.07387575150300602,0.026,0.028277634961439587,389,2.2433862433862433,6
ER,500,4,0.07810837096465732,0.8941176470588236,0.07870941883767535,0.034,0.028273809523809524,672,3.208269525267994,6
ER,500,4,0.08170546699592443,0.9352941176470588,0.08137875751503006,0.046,0.037815126050420166,714,3.5560407569141192,6
ER,500,4,0.08530256302719155,0.9764705882352942,0.08525851703406814,0.104,0.05905511811023622,1016,5.156903765690377,6
ER,500,4,0.08889965905845866,1.0176470588235293,0.09102204408817635,0.086,0.029900332225913623,1505,9.17123287671233,6
ER,500,4,0.09249675508972577,1.0588235294117647,0.09302605210420842,0.408,0.1680622009569378,1672,7.317757009345795,6
ER,500,4,0.09609385112099289,1.1,0.09468537074148296,0.144,0.05044345898004435,1804,12.171044950379452,6
ER,500,4,0.09969094715226,1.1411764705882352,0.09890981963927856,0.754,0.33779824194223523,2389,9.044247787610619,6
ER,500,4,0.10328804318352712,1.1823529411764706,0.10343887775551103,0.9,0.42784649540120523,3153,12.168514412416851,6
ER,500,4,0.10688513921479423,1.223529411764706,0.10712625250501003,0.99,0.7299051422865701,4006,4.926062846580407,6
ER,500,4,0.11048223524606135,1.2647058823529413,0.11240080160320641,1.0,0.8258124419684308,5385,3.1236673773987205,6
ER,500,4,0.11407933127732846,1.3058823529411765,0.11424448897795592,1.0,0.8603411513859275,5628,2.3078880407124682,6
ER,500,4,0.11767642730859557,1.3470588235294119,0.11785971943887776,1.0,0.9078777442961687,6969,2.383177570093458,6
ER,500,4,0.12127352333986269,1.3882352941176472,0.12212424849699399,1.0,0.9315972638905556,8333,1.8140350877192983,6
ER,500,4,0.1248706193711298,1.4294117647058824,0.12545891783567134,1.0,0.956353919239905,10104,2.074829931972789,6
ER,500,4,0.12846771540239693,1.470588235294118,0.12723046092184367,1.0,0.9662337662337662,11165,1.6896551724137931,6
ER,500,4,0.13206481143366403,1.5117647058823531,0.13332264529058116,1.0,0.9793103448275862,14210,1.3401360544217686,6
ER,500,4,0.13566190746493112,1.552941176470588,0.13563927855711422,1.0,0.9839367509568928,15937,1.53125,6
ER,500,4,0.13925900349619824,1.5941176470588234,0.14008016032064127,1.0,0.9900652282990466,19930,1.3434343434343434,6
ER,500,4,0.14285609952746536,1.635294117647059,0.14335070140280562,1.0,0.9932226211849192,22280,1.2384105960264902,6
ER,500,4,0.14645319555873249,1.6764705882352944,0.14517835671342685,1.0,0.9959607859637313,23767,1.2291666666666667,6
ER,500,4,0.1500502915899996,1.7176470588235297,0.15218436873747496,1.0,0.9979614238670221,31885,1.3076923076923077,6
ER,500,4,0.1536473876212667,1.7588235294117647,0.152248496993988,1.0,0.9979273649693745,32326,1.1492537313432836,6
ER,500,4,0.15724448365253382,1.8000000000000003,0.1570741482965932,1.0,0.9988793620181908,38371,1.0465116279069768,6
ER,500,4,0.03494321858945196,0.4,0.03485370741482966,0.008,0.3333333333333333,3,1.0,7
ER,500,4,0.03854031462071907,0.44117647058823534,0.037474949899799596,0.008,0.16666666666666666,6,1.0,7
ER,500,4,0.04213741065198619,0.48235294117647065,0.04345490981963928,0.008,0.0625,16,1.0,7
ER,500,4,0.045734506683253295,0.5235294117647059,0.04557915831663327,0.008,0.058823529411764705,17,1.0,7
ER,500,4,0.04933160271452041,0.5647058823529412,0.04963527054108217,0.012,0.07692307692307693,39,1.1666666666666667,7
ER,500,4,0.052928698745787525,0.6058823529411765,0.0515190380761523,0.01,0.0392156862745098,51,1.2040816326530612,7
ER,500,4,0.05652579477705464,0.6470588235294118,0.05613627254509018,0.012,0.036585365853658534,82,1.1518987341772151,7
ER,500,4,0.060122890808321755,0.6882352941176471,0.05995991983967936,0.012,0.025210084033613446,119,1.293103448275862,7
ER,500,4,0.06371998683958886,0.7294117647058823,0.06259719438877756,0.016,0.029585798816568046,169,1.5731707317073171,7
ER,500,4,0.06731708287085597,0.7705882352941176,0.0672064128256513,0.016,0.017361111111111112,288,1.8268551236749118,7
ER,500,4,0.07091417890212309,0.8117647058823529,0.07185571142284569,0.032,0.044585987261146494,314,2.02,7
ER,500,4,0.07451127493339021,0.8529411764705883,0.07375551102204408,0.022,0.018518518518518517,432,2.311320754716981,7
ER,500,4,0.07810837096465732,0.8941176470588236,0.07684168336673347,0.03,0.023172905525846704,561,3.0255474452554743,7
ER,500,4,0.08170546699592443,0.9352941176470588,0.08203607214428858,0.036,0.021963824289405683,774,3.21664464993395,7
ER,500,4,0.08530256302719155,0.9764705882352942,0.08721442885771544,0.048,0.02153558052434457,1068,4.867942583732058,7
ER,500,4,0.08889965905845866,1.0176470588235293,0.08858517034068136,0.11,0.04700530705079606,1319,7.22593476531424,7
ER,500,4,0.09249675508972577,1.0588235294117647,0.09334669338677355,0.128,0.04949874686716792,1596,8.07053394858273,7
ER,500,4,0.09609385112099289,1.1,0.09604008016032065,0.398,0.13301435406698564,2090,59.341059602649004,7
ER,500,4,0.09969094715226,1.1411764705882352,0.09939078156312625,0.732,0.28289213749506126,2531,38.84903581267218,7
ER,500,4,0.10328804318352712,1.1823529411764706,0.10254108216432865,0.896,0.4818582570362835,2949,7.218586387434555,7
ER,500,4,0.10688513921479423,1.223529411764706,0.10787174348697395,0.984,0.6955112219451371,4010,7.483210483210483,7
ER,500,4,0.11048223524606135,1.2647058823529413,0.11189579158316633,1.0,0.8098035244075349,4937,3.0319488817891376,7
ER,500,4,0.11407933127732846,1.3058823529411765,0.11380360721442886,0.998,0.8597958842228542,5977,3.159904534606205,7
ER,500,4,0.11767642730859557,1.3470588235294119,0.11648897795591183,1.0,0.8826578699340245,6366,2.4725568942436413,7
ER,500,4,0.12127352333986269,1.3882352941176472,0.12143486973947895,1.0,0.9240412979351033,8136,2.2459546925566345,7
ER,500,4,0.1248706193711298,1.4294117647058824,0.12393587174348697,1.0,0.9406157554508601,9127,2.092250922509225,7
ER,500,4,0.12846771540239693,1.470588235294118,0.12854509018036073,1.0,0.970005848441808,11969,1.6406685236768803,7
ER,500,4,0.13206481143366403,1.5117647058823531,0.1300120240480962,1.0,0.973581847649919,12340,1.5828220858895705,7
ER,500,4,0.13566190746493112,1.552941176470588,0.13535871743486974,1.0,0.9823305307409353,15224,1.2602230483271375,7
ER,500,4,0.13925900349619824,1.5941176470588234,0.1399118236472946,1.0,0.9902079494603843,18995,1.3548387096774193,7
ER,500,4,0.14285609952746536,1.635294117647059,0.1416753507014028,1.0,0.989997057958223,20394,1.4313725490196079,7
ER,500,4,0.14645319555873249,1.6764705882352944,0.1458997995991984,1.0,0.9942696903194342,24606,1.2836879432624113,7
ER,500,4,0.1500502915899996,1.7176470588235297,0.149811623246493,1.0,0.9970096927201485,29094,1.1839080459770115,7
ER,500,4,0.1536473876212667,1.7588235294117647,0.15232865731462925,1.0,0.9978301886792453,31800,1.0579710144927537,7
ER,500,4,0.15724448365253382,1.8000000000000003,0.1564008016032064,1.0,0.9984536632185134,37508,1.103448275862069,7
ER,500,4,0.03494321858945196,0.4,0.0345250501002004,0.008,0.3333333333333333,3,1.0,8
ER,500,4,0.03854031462071907,0.44117647058823534,0.038356713426853706,0.008,0.14285714285714285,7,1.0,8
ER,500,4,0.04213741065198619,0.48235294117647065,0.04251703406813627,0.008,0.125,8,1.0,8
ER,500,4,0.045734506683253295,0.5235294117647059,0.04566733466933868,0.016,0.16666666666666666,30,1.08,8
ER,500,4,0.04933160271452041,0.5647058823529412,0.04920240480961924,0.012,0.075,40,1.054054054054054,8
ER,500,4,0.052928698745787525,0.6058823529411765,0.0534749498997996,0.012,0.04477611940298507,67,1.4375,8
ER,500,4,0.05652579477705464,0.6470588235294118,0.05636072144288577,0.012,0.04285714285714286,70,1.2985074626865671,8
ER,500,4,0.060122890808321755,0.6882352941176471,0.058605210420841686,0.014,0.03636363636363636,110,1.2641509433962264,8
ER,500,4,0.06371998683958886,0.7294117647058823,0.06290981963927855,0.01,0.027624309392265192,181,1.4886363636363635,8
ER,500,4,0.06731708287085597,0.7705882352941176,0.06712625250501002,0.02,0.030042918454935622,233,1.8053097345132743,8
ER,500,4,0.07091417890212309,0.8117647058823529,0.07195190380761524,0.02,0.021108179419525065,379,2.3638814016172507,8
ER,500,4,0.07451127493339021,0.8529411764705883,0.07454909819639279,0.028,0.029045643153526972,482,2.735042735042735,8
ER,500,4,0.07810837096465732,0.8941176470588236,0.07817234468937875,0.036,0.029982363315696647,567,3.04,8
ER,500,4,0.08170546699592443,0.9352941176470588,0.07996793587174349,0.042,0.02894356005788712,691,3.6497764530551415,8
ER,500,4,0.08530256302719155,0.9764705882352942,0.08483366733466934,0.102,0.0669500531349628,941,5.489749430523918,8
ER,500,4,0.08889965905845866,1.0176470588235293,0.08741482965931864,0.062,0.026455026455026454,1134,5.7101449275362315,8
ER,500,4,0.09249675508972577,1.0588235294117647,0.09306613226452906,0.106,0.040380047505938245,1684,11.946782178217822,8
ER,500,4,0.09609385112099289,1.1,0.09667334669338677,0.698,0.3370064279155188,2178,8.986149584487535,8
ER,500,4,0.09969094715226,1.1411764705882352,0.09960721442885771,0.73,0.3112223612849395,2397,12.708055723803755,8
ER,500,4,0.10328804318352712,1.1823529411764706,0.10145090180360722,0.846,0.37896253602305474,2776,16.481438515081205,8
ER,500,4,0.10688513921479423,1.223529411764706,0.10735070140280562,0.988,0.7000751691305437,3991,5.036758563074352,8
ER,500,4,0.11048223524606135,1.2647058823529413,0.11010020040080161,0.996,0.7837778749453432,4574,3.1375126390293224,8
ER,500,4,0.11407933127732846,1.3058823529411765,0.11419639278557114,1.0,0.8559905898168375,5951,2.6009334889148192,8
ER,500,4,0.11767642730859557,1.3470588235294119,0.11882965931863727,1.0,0.9044856374699307,7067,2.0874074074074076,8
ER,500,4,0.12127352333986269,1.3882352941176472,0.1222685370741483,1.0,0.9284610814022579,8415,2.441860465116279,8
ER,500,4,0.1248706193711298,1.4294117647058824,0.1269819639278557,1.0,0.9585881045025014,10794,1.9664429530201342,8
ER,500,4,0.12846771540239693,1.470588235294118,0.12690180360721443,1.0,0.9625620207487596,11085,1.7132530120481928,8
ER,500,4,0.13206481143366403,1.5117647058823531,0.1308697394789579,1.0,0.9749259174834739,13161,1.5212121212121212,8
ER,500,4,0.13566190746493112,1.552941176470588,0.13677755511022044,1.0,0.9875168493230968,17063,1.4788732394366197,8
ER,500,4,0.13925900349619824,1.5941176470588234,0.13884569138276553,1.0,0.9889292885439843,18427,1.2647058823529411,8
ER,500,4,0.14285609952746536,1.635294117647059,0.1419559118236473,1.0,0.9903596770247125,20435,1.3045685279187818,8
ER,500,4,0.14645319555873249,1.6764705882352944,0.1469498997995992,1.0,0.9962768531963215,26859,1.24,8
ER,500,4,0.1500502915899996,1.7176470588235297,0.1513507014028056,1.0,0.9975020815986678,31226,1.2307692307692308,8
ER,500,4,0.1536473876212667,1.7588235294117647,0.15470140280561123,1.0,0.9984157519520199,35348,1.1071428571428572,8
ER,500,4,0.15724448365253382,1.8000000000000003,0.15470140280561123,1.0,0.9986714532040591,35377,1.0425531914893618,8
ER,500,4,0.03494321858945196,0.4,0.0351503006012024,0.008,0.125,8,1.0,9
ER,500,4,0.03854031462071907,0.44117647058823534,0.03848496993987976,0.008,0.07692307692307693,13,1.0,9
ER,500,4,0.04213741065198619,0.48235294117647065,0.041875751503006015,0.012,0.15,20,1.4705882352941178,9
ER,500,4,0.045734506683253295,0.5235294117647059,0.04490581162324649,0.01,0.07142857142857142,28,1.0,9
ER,500,4,0.04933160271452041,0.5647058823529412,0.049875751503006015,0.01,0.046511627906976744,43,1.048780487804878,9
ER,500,4,0.052928698745787525,0.6058823529411765,0.05313026052104208,0.01,0.08064516129032258,62,1.3508771929824561,9
ER,500,4,0.05652579477705464,0.6470588235294118,0.05531062124248497,0.02,0.1111111111111111,63,1.1428571428571428,9
ER,500,4,0.060122890808321755,0.6882352941176471,0.05938276553106212,0.014,0.037383177570093455,107,1.3106796116504855,9
ER,500,4,0.06371998683958886,0.7294117647058823,0.06432064128256514,0.012,0.031914893617021274,188,1.4505494505494505,9
ER,500,4,0.06731708287085597,0.7705882352941176,0.06718236472945892,0.018,0.03765690376569038,239,2.208695652173913,9
ER,500,4,0.07091417890212309,0.8117647058823529,0.0713186372745491,0.018,0.02727272727272727,330,2.1526479750778815,9
ER,500,4,0.07451127493339021,0.8529411764705883,0.07436472945891784,0.02,0.01927710843373494,415,2.2972972972972974,9
ER,500,4,0.07810837096465732,0.8941176470588236,0.07826052104208417,0.04,0.02768729641693811,614,3.318257956448911,9
ER,500,4,0.08170546699592443,0.9352941176470588,0.08282965931863727,0.056,0.03229665071770335,836,3.8553770086526575,9
ER,500,4,0.08530256302719155,0.9764705882352942,0.08498597194388778,0.07,0.040117416829745595,1022,4.524974515800204,9
ER,500,4,0.08889965905845866,1.0176470588235293,0.08865731462925852,0.076,0.029503105590062112,1288,6.1248,9
ER,500,4,0.09249675508972577,1.0588235294117647,0.0935871743486974,0.17,0.056220095693779906,1672,11.276299112801015,9
ER,500,4,0.09609385112099289,1.1,0.09470941883767535,0.09,0.02809633027522936,1744,9.029498525073747,9
ER,500,4,0.09969094715226,1.1411764705882352,0.09745090180360721,0.268,0.069960647135986,2287,33.98918664786083,9
ER,500,4,0.10328804318352712,1.1823529411764706,0.1028376753507014,0.956,0.5952760932014044,3133,4.6545741324921135,9
ER,500,4,0.10688513921479423,1.223529411764706,0.10735070140280562,0.986,0.6473973319382684,3823,5.413946587537092,9
ER,500,4,0.11048223524606135,1.2647058823529413,0.11165531062124248,1.0,0.831964006259781,5112,2.538998835855646,9
ER,500,4,0.11407933127732846,1.3058823529411765,0.11366733466933868,1.0,0.8317263962161179,5497,3.309189189189189,9
ER,500,4,0.11767642730859557,1.3470588235294119,0.11864529058116233,1.0,0.9049792531120332,7230,2.7409024745269286,9
ER,500,4,0.12127352333986269,1.3882352941176472,0.12157114228456914,1.0,0.9333893422947671,8332,1.9765765765765766,9
ER,500,4,0.1248706193711298,1.4294117647058824,0.12549098196392786,1.0,0.9597672813332019,10141,1.6127450980392157,9
ER,500,4,0.12846771540239693,1.470588235294118,0.12896993987975952,1.0,0.9669194233813849,12001,1.685138539042821,9
ER,500,4,0.13206481143366403,1.5117647058823531,0.13193587174348698,1.0,0.9752875695732839,13475,1.4924924924924925,9
ER,500,4,0.13566190746493112,1.552941176470588,0.13783567134268537,1.0,0.9882108572390951,17813,1.3904761904761904,9
ER,500,4,0.13925900349619824,1.5941176470588234,0.13854108216432864,1.0,0.9895240141828731,18614,1.3076923076923077,9
ER,500,4,0.14285609952746536,1.635294117647059,0.14245290581162326,1.0,0.9917317197099174,21649,1.2905027932960893,9
ER,500,4,0.14645319555873249,1.6764705882352944,0.14754308617234468,1.0,0.9959218164449997,27218,1.162162162162162,9
ER,500,4,0.1500502915899996,1.7176470588235297,0.14953907815631262,1.0,0.9962712332550753,28964,1.2407407407407407,9
ER,500,4,0.1536473876212667,1.7588235294117647,0.15227254509018037,1.0,0.997142585008096,31497,1.4222222222222223,9
ER,500,4,0.15724448365253382,1.8000000000000003,0.1574749498997996,1.0,0.9989853745452746,40409,1.146341463414634,9
